{"credit":"Made by CyanideX using Blockbench","render_type":"minecraft:cutout","textures":{"particle":"mekanism:block/factory/crushing/crushing_factory_front","front":"mekanism:block/factory/crushing/crushing_factory_front","top":"mekanism:block/factory/crushing/crushing_factory_top","back_panel":"mekanism:block/factory/crushing/crushing_factory_back","side":"mekanism:block/factory/crushing/crushing_factory_side","bottom":"mekanism:block/factory/crushing/crushing_factory_bottom","ports":"mekanism:block/models/ports","ports_led":"mekanism:block/models/ports_led"},"elements":[{"name":"front_panel","from":[0,0,0],"to":[16,16,4],"faces":{"north":{"uv":[0,0,16,16],"texture":"#front","cullface":"north"},"east":{"uv":[4,0,0,16],"texture":"#side","cullface":"east"},"south":{"uv":[0,0,16,16],"texture":"#back_panel"},"west":{"uv":[0,0,4,16],"texture":"#side","cullface":"west"},"up":{"uv":[0,12,16,16],"rotation":180,"texture":"#top","cullface":"up"},"down":{"uv":[0,0,16,4],"rotation":180,"texture":"#bottom","cullface":"down"}}},{"name":"base","from":[2,0,7],"to":[14,4,12],"faces":{"east":{"uv":[12,12,7,16],"texture":"#side"},"west":{"uv":[7,12,12,16],"texture":"#side"},"up":{"uv":[4,4,5,11],"rotation":90,"texture":"#back_panel"},"down":{"uv":[2,7,14,12],"rotation":180,"texture":"#bottom","cullface":"down"}}},{"name":"bracket","from":[2,10,7],"to":[14,12,12],"faces":{"east":{"uv":[12,4,7,6],"texture":"#side"},"west":{"uv":[7,4,12,6],"texture":"#side"},"up":{"uv":[7,4,12,16],"rotation":270,"texture":"#side"},"down":{"uv":[7,4,12,16],"rotation":270,"texture":"#side"}}},{"name":"shaft","from":[3,4,7],"to":[13,12,12],"faces":{"east":{"uv":[12,4,7,12],"texture":"#side"},"west":{"uv":[7,4,12,12],"texture":"#side"}}},{"name":"top","from":[0,12,4],"to":[16,16,16],"faces":{"east":{"uv":[16,0,4,4],"texture":"#side","cullface":"east"},"south":{"uv":[0,0,16,4],"texture":"#back_panel","cullface":"south"},"west":{"uv":[4,0,16,4],"texture":"#side","cullface":"west"},"up":{"uv":[0,0,16,12],"rotation":180,"texture":"#top","cullface":"up"},"down":{"uv":[0,0,16,12],"texture":"#top"}}},{"name":"leg1","from":[1,0,4],"to":[15,12,7],"faces":{"east":{"uv":[15,4,12,16],"texture":"#side"},"south":{"uv":[1,4,15,16],"texture":"#back_panel"},"west":{"uv":[4,4,7,16],"texture":"#side"},"down":{"uv":[1,4,15,7],"texture":"#bottom","cullface":"down"}}},{"name":"leg2","from":[1,0,12],"to":[15,12,15],"faces":{"north":{"uv":[1,4,15,16],"texture":"#back_panel"},"east":{"uv":[7,4,4,16],"texture":"#side"},"south":{"uv":[1,4,15,16],"texture":"#back_panel"},"west":{"uv":[12,4,15,16],"texture":"#side"},"down":{"uv":[1,12,15,15],"texture":"#bottom","cullface":"down"}}},{"name":"port","from":[4,4,14],"to":[12,12,16],"faces":{"east":{"uv":[7,0,9,8],"texture":"#ports"},"south":{"uv":[0,0,8,8],"texture":"#ports","cullface":"south"},"west":{"uv":[7,0,9,8],"texture":"#ports"},"up":{"uv":[0,7,8,9],"texture":"#ports","cullface":"south"},"down":{"uv":[0,7,8,9],"texture":"#ports"}}},{"name":"port_led","from":[4,4,16],"to":[12,12,16],"faces":{"south":{"uv":[8,8,16,16],"texture":"#ports_led","cullface":"south"}},"forge_data":{"block_light":15,"sky_light":15}}]}