{"textures":{"6":"mekanism:block/qio_drive_array/drive_led","7":"mekanism:block/qio_drive_array/side"},"elements":[{"name":"drive","from":[13,3,2],"to":[14,5,9],"faces":{"north":{"uv":[1,11,2,13],"texture":"#7"},"east":{"uv":[9,11,2,13],"texture":"#7"},"west":{"uv":[2,11,9,13],"texture":"#7"},"up":{"uv":[2,10,9,11],"rotation":90,"texture":"#7"}}},{"name":"drive_led","from":[12.995,3,1.995],"to":[14.045,4,3.045],"faces":{"north":{"uv":[4,1,5,2],"texture":"#6"},"east":{"uv":[4,1,5,2],"texture":"#6"},"south":{"uv":[4,1,5,2],"texture":"#6"},"west":{"uv":[4,1,5,2],"texture":"#6"},"up":{"uv":[4,1,5,2],"texture":"#6"}},"forge_data":{"block_light":15,"sky_light":15}}]}