{"credit":"Made by CyanideX using Blockbench","render_type":"minecraft:cutout","textures":{"particle":"mekanism:block/factory/combining/combining_factory_front","front":"mekanism:block/factory/combining/combining_factory_front","top":"mekanism:block/factory/combining/combining_factory_top","side":"mekanism:block/factory/combining/combining_factory_side","back":"mekanism:block/factory/combining/combining_factory_back","bottom":"mekanism:block/factory/combining/combining_factory_bottom","ports":"mekanism:block/models/ports","ports_led":"mekanism:block/models/ports_led"},"elements":[{"name":"top","from":[0,12,4],"to":[16,16,16],"faces":{"east":{"uv":[16,0,4,4],"texture":"#side","cullface":"east"},"south":{"uv":[0,0,16,4],"texture":"#back","cullface":"south"},"west":{"uv":[4,0,16,4],"texture":"#side","cullface":"west"},"up":{"uv":[0,0,16,12],"rotation":180,"texture":"#top","cullface":"up"},"down":{"uv":[0,4,16,15],"rotation":180,"texture":"#bottom"}}},{"name":"body","from":[5,4,4],"to":[11,12,14],"faces":{"east":{"uv":[4,4,14,12],"texture":"#side"},"west":{"uv":[4,4,14,12],"texture":"#side"}}},{"name":"front_panel","from":[0,0,0],"to":[16,16,4],"faces":{"north":{"uv":[0,0,16,16],"texture":"#front","cullface":"north"},"east":{"uv":[4,0,0,16],"texture":"#side","cullface":"east"},"south":{"uv":[0,0,16,16],"texture":"#back"},"west":{"uv":[0,0,4,16],"texture":"#side","cullface":"west"},"up":{"uv":[0,12,16,16],"rotation":180,"texture":"#top","cullface":"up"},"down":{"uv":[0,0,16,4],"rotation":180,"texture":"#bottom","cullface":"down"}}},{"name":"port","from":[4,4,14],"to":[12,12,16],"faces":{"north":{"uv":[0,8,8,16],"texture":"#ports"},"east":{"uv":[7,0,9,8],"texture":"#ports"},"south":{"uv":[0,0,8,8],"texture":"#ports","cullface":"south"},"west":{"uv":[7,0,9,8],"texture":"#ports"}}},{"name":"port_led","from":[4,4,16],"to":[12,12,16],"faces":{"south":{"uv":[8,8,16,16],"texture":"#ports_led","cullface":"south"}},"forge_data":{"block_light":15,"sky_light":15}},{"name":"bottom","from":[0,0,4],"to":[16,4,16],"faces":{"east":{"uv":[16,12,4,16],"texture":"#side","cullface":"east"},"south":{"uv":[0,12,16,16],"texture":"#side","cullface":"south"},"west":{"uv":[4,12,16,16],"texture":"#side","cullface":"west"},"up":{"uv":[0,4,16,16],"rotation":180,"texture":"#bottom"},"down":{"uv":[0,4,16,16],"rotation":180,"texture":"#bottom","cullface":"down"}}},{"name":"plate2","from":[1,4,5],"to":[15,7,15],"faces":{"north":{"uv":[1,9,15,12],"texture":"#back"},"east":{"uv":[5,9,15,12],"texture":"#side"},"south":{"uv":[1,9,15,12],"texture":"#back"},"west":{"uv":[5,9,15,12],"texture":"#side"},"up":{"uv":[6,9,7,10],"texture":"#side"}}},{"name":"plate1","from":[1,8,5],"to":[15,11,15],"faces":{"north":{"uv":[1,5,15,8],"texture":"#back"},"east":{"uv":[5,5,15,8],"texture":"#side"},"south":{"uv":[1,5,15,8],"texture":"#back"},"west":{"uv":[5,5,15,8],"texture":"#side"},"up":{"uv":[6,5,7,6],"texture":"#side"},"down":{"uv":[6,8,7,9],"texture":"#side"}}},{"name":"press2","from":[3,11,12],"to":[13,12,14],"faces":{"north":{"uv":[0,9,1,10],"texture":"#side"},"east":{"uv":[0,9,1,10],"texture":"#side"},"south":{"uv":[0,9,1,10],"texture":"#side"},"west":{"uv":[0,9,1,10],"texture":"#side"}}},{"name":"press1","from":[3,11,6],"to":[13,12,8],"faces":{"north":{"uv":[0,9,1,10],"texture":"#side"},"east":{"uv":[0,9,1,10],"texture":"#side"},"south":{"uv":[0,9,1,10],"texture":"#side"},"west":{"uv":[0,9,1,10],"texture":"#side"}}}]}