{"credit":"Made by CyanideX using Blockbench","render_type":"minecraft:cutout","textures":{"particle":"mekanism:block/factory/injecting/injecting_factory_front","front":"mekanism:block/factory/injecting/injecting_factory_front","top":"mekanism:block/factory/injecting/injecting_factory_top","side":"mekanism:block/factory/injecting/injecting_factory_side","back":"mekanism:block/factory/injecting/injecting_factory_back","bottom":"mekanism:block/factory/injecting/injecting_factory_bottom","ports":"mekanism:block/models/ports","ports_led":"mekanism:block/models/ports_led"},"elements":[{"name":"front_panel","from":[0,0,0],"to":[16,16,4],"faces":{"north":{"uv":[0,0,16,16],"texture":"#front","cullface":"north"},"east":{"uv":[4,0,0,16],"texture":"#side","cullface":"east"},"south":{"uv":[0,0,16,16],"texture":"#back"},"west":{"uv":[0,0,4,16],"texture":"#side","cullface":"west"},"up":{"uv":[0,12,16,16],"rotation":180,"texture":"#top","cullface":"up"},"down":{"uv":[0,0,16,4],"rotation":180,"texture":"#bottom","cullface":"down"}}},{"name":"port","from":[4,4,4.01],"to":[12,12,16.01],"faces":{"north":{"uv":[0,8,8,16],"texture":"#ports"},"south":{"uv":[0,8,8,16],"texture":"#ports","cullface":"south"},"up":{"uv":[4,1,12,13],"texture":"#top"}}},{"name":"port_led","from":[4,4,16.01],"to":[12,12,16.01],"faces":{"south":{"uv":[8,8,16,16],"texture":"#ports_led","cullface":"south"}},"forge_data":{"block_light":15,"sky_light":15}},{"name":"base","from":[0,0,4],"to":[16,4,16],"faces":{"east":{"uv":[16,12,4,16],"texture":"#side","cullface":"east"},"south":{"uv":[0,12,16,16],"texture":"#back","cullface":"south"},"west":{"uv":[4,12,16,16],"texture":"#side","cullface":"west"},"up":{"uv":[0,4,16,16],"rotation":180,"texture":"#back"},"down":{"uv":[0,4,16,16],"rotation":180,"texture":"#bottom","cullface":"down"}}},{"name":"tank1","from":[0,4,4],"to":[7,16,16],"faces":{"east":{"uv":[16,0,4,12],"texture":"#side"},"south":{"uv":[0,0,7,12],"texture":"#back","cullface":"south"},"west":{"uv":[4,0,16,12],"texture":"#side","cullface":"west"},"up":{"uv":[9,0,16,12],"rotation":180,"texture":"#top","cullface":"up"}}},{"name":"tank2","from":[9,4,4],"to":[16,16,16],"faces":{"east":{"uv":[16,0,4,12],"texture":"#side","cullface":"east"},"south":{"uv":[9,0,16,12],"texture":"#back","cullface":"south"},"west":{"uv":[4,0,16,12],"texture":"#side"},"up":{"uv":[9,0,16,12],"rotation":180,"texture":"#top","cullface":"up"}}},{"name":"tube1","from":[7,12,12],"to":[9,14,13],"faces":{"north":{"uv":[7,1,8,2],"texture":"#top"},"south":{"uv":[7,1,8,2],"texture":"#top"},"up":{"uv":[7,1,8,2],"texture":"#top"}}},{"name":"tube2","from":[7,12,9],"to":[9,14,10],"faces":{"north":{"uv":[7,1,8,2],"texture":"#top"},"south":{"uv":[7,1,8,2],"texture":"#top"},"up":{"uv":[7,1,8,2],"texture":"#top"}}},{"name":"tube3","from":[7,12,6],"to":[9,14,7],"faces":{"north":{"uv":[7,1,8,2],"texture":"#top"},"south":{"uv":[7,1,8,2],"texture":"#top"},"up":{"uv":[7,1,8,2],"texture":"#top"}}}]}