{"credit":"Made by CyanideX using Blockbench","render_type":"minecraft:cutout","textures":{"particle":"mekanism:block/factory/infusing/infusing_factory_front","front":"mekanism:block/factory/infusing/infusing_factory_front","top":"mekanism:block/factory/infusing/infusing_factory_top","side":"mekanism:block/factory/infusing/infusing_factory_side","back":"mekanism:block/factory/infusing/infusing_factory_back","bottom":"mekanism:block/factory/infusing/infusing_factory_bottom","ports":"mekanism:block/models/ports","ports_led":"mekanism:block/models/ports_led","back_panel":"mekanism:block/factory/factory_front_back"},"elements":[{"name":"base","from":[0,0,4],"to":[16,4,16],"faces":{"east":{"uv":[16,12,4,16],"texture":"#side","cullface":"east"},"south":{"uv":[0,12,16,16],"texture":"#back","cullface":"south"},"west":{"uv":[4,12,16,16],"texture":"#side","cullface":"west"},"up":{"uv":[0,4,16,16],"texture":"#bottom"},"down":{"uv":[0,4,16,16],"rotation":180,"texture":"#bottom","cullface":"down"}}},{"name":"body","from":[2,4,4],"to":[14,13,14],"faces":{"east":{"uv":[14,3,4,12],"texture":"#side"},"south":{"uv":[2,5,14,14],"texture":"#bottom"},"west":{"uv":[4,3,14,12],"texture":"#side"}}},{"name":"front_panel","from":[0,0,0],"to":[16,16,4],"faces":{"north":{"uv":[0,0,16,16],"texture":"#front","cullface":"north"},"east":{"uv":[4,0,0,16],"texture":"#side","cullface":"east"},"south":{"uv":[0,0,16,16],"texture":"#back_panel"},"west":{"uv":[0,0,4,16],"texture":"#side","cullface":"west"},"up":{"uv":[0,12,16,16],"rotation":180,"texture":"#top","cullface":"up"},"down":{"uv":[0,0,16,4],"rotation":180,"texture":"#bottom","cullface":"down"}}},{"name":"port","from":[4,4,14.02],"to":[12,12,16.02],"faces":{"east":{"uv":[7,0,9,8],"texture":"#ports"},"south":{"uv":[0,0,8,8],"texture":"#ports","cullface":"south"},"west":{"uv":[7,0,9,8],"texture":"#ports"},"up":{"uv":[0,7,8,9],"texture":"#ports"},"down":{"uv":[0,7,8,9],"texture":"#ports","cullface":"south"}}},{"name":"port_led","from":[4,4,16.02],"to":[12,12,16.02],"faces":{"south":{"uv":[8,8,16,16],"texture":"#ports_led","cullface":"south"}},"forge_data":{"block_light":15,"sky_light":15}},{"name":"fin1","from":[0,13,4],"to":[16,16,16],"faces":{"east":{"uv":[16,0,4,3],"texture":"#side","cullface":"east"},"south":{"uv":[0,0,16,3],"texture":"#back","cullface":"south"},"west":{"uv":[4,0,16,3],"texture":"#side","cullface":"west"},"up":{"uv":[0,0,16,12],"rotation":180,"texture":"#top","cullface":"up"},"down":{"uv":[0,0,16,12],"texture":"#top"}}},{"name":"fin2a","from":[0,9,4],"to":[4,12,16],"faces":{"south":{"uv":[0,4,4,7],"texture":"#back","cullface":"south"},"west":{"uv":[4,4,16,7],"texture":"#side","cullface":"west"},"up":{"uv":[12,0,16,12],"rotation":180,"texture":"#top"},"down":{"uv":[0,0,4,12],"texture":"#top"}}},{"name":"fin2b","from":[12,9,4],"to":[16,12,16],"faces":{"east":{"uv":[16,4,4,7],"texture":"#side","cullface":"east"},"south":{"uv":[12,4,16,7],"texture":"#back","cullface":"south"},"up":{"uv":[0,0,4,12],"rotation":180,"texture":"#top"},"down":{"uv":[12,0,16,12],"texture":"#top"}}},{"name":"fin3a","from":[0,5,4],"to":[5,8,16],"faces":{"south":{"uv":[0,8,5,11],"texture":"#back","cullface":"south"},"west":{"uv":[4,8,16,11],"texture":"#side","cullface":"west"},"up":{"uv":[11,0,16,12],"rotation":180,"texture":"#top"},"down":{"uv":[0,0,5,12],"texture":"#top"}}},{"name":"fin3b","from":[11,5,4],"to":[16,8,16],"faces":{"east":{"uv":[16,8,4,11],"texture":"#side","cullface":"east"},"south":{"uv":[11,8,16,11],"texture":"#back","cullface":"south"},"up":{"uv":[0,0,5,12],"rotation":180,"texture":"#top"},"down":{"uv":[11,0,16,12],"texture":"#top"}}}]}