{"render_type":"minecraft:cutout","parent":"block/cube_all","textures":{"particle":"#all","all":"#all","led":"#led"},"elements":[{"name":"block","from":[0,0,0],"to":[16,16,16],"faces":{"north":{"uv":[0,0,16,16],"texture":"#all"},"east":{"uv":[0,0,16,16],"texture":"#all"},"south":{"uv":[0,0,16,16],"texture":"#all"},"west":{"uv":[0,0,16,16],"texture":"#all"},"up":{"uv":[0,0,16,16],"texture":"#all"},"down":{"uv":[0,0,16,16],"texture":"#all"}}},{"name":"led","from":[0,0,0],"to":[16,16,16],"faces":{"north":{"uv":[0,0,16,16],"texture":"#led"},"east":{"uv":[0,0,16,16],"texture":"#led"},"south":{"uv":[0,0,16,16],"texture":"#led"},"west":{"uv":[0,0,16,16],"texture":"#led"},"up":{"uv":[0,0,16,16],"texture":"#led"},"down":{"uv":[0,0,16,16],"texture":"#led"}},"forge_data":{"block_light":15,"sky_light":15}}],"display":{"thirdperson_righthand":{"rotation":[75,45,0],"translation":[0,2.5,0],"scale":[0.375,0.375,0.375]},"thirdperson_lefthand":{"rotation":[75,45,0],"translation":[0,2.5,0],"scale":[0.375,0.375,0.375]},"firstperson_righthand":{"rotation":[0,45,0],"scale":[0.4,0.4,0.4]},"firstperson_lefthand":{"rotation":[0,225,0],"scale":[0.4,0.4,0.4]},"ground":{"translation":[0,3,0],"scale":[0.25,0.25,0.25]},"gui":{"rotation":[30,225,0],"scale":[0.625,0.625,0.625]},"fixed":{"scale":[0.5,0.5,0.5]}}}