{"credit":"Made by CyanideX using Blockbench","render_type":"minecraft:cutout","textures":{"particle":"mekanism:block/factory/compressing/compressing_factory_front","front":"mekanism:block/factory/compressing/compressing_factory_front","top":"mekanism:block/factory/compressing/compressing_factory_top","side":"mekanism:block/factory/compressing/compressing_factory_side","back":"mekanism:block/factory/compressing/compressing_factory_back","bottom":"mekanism:block/factory/compressing/compressing_factory_bottom","ports":"mekanism:block/models/ports","ports_led":"mekanism:block/models/ports_led"},"elements":[{"name":"front_panel","from":[0,0,0],"to":[16,16,4],"faces":{"north":{"uv":[0,0,16,16],"texture":"#front","cullface":"north"},"east":{"uv":[4,0,0,16],"texture":"#side","cullface":"east"},"south":{"uv":[0,0,16,16],"texture":"#front"},"west":{"uv":[0,0,4,16],"texture":"#side","cullface":"west"},"up":{"uv":[0,12,16,16],"rotation":180,"texture":"#top","cullface":"up"},"down":{"uv":[0,0,16,4],"rotation":180,"texture":"#bottom","cullface":"down"}}},{"name":"vent","from":[0,0,12],"to":[16,16,16],"faces":{"north":{"uv":[0,0,16,16],"texture":"#back"},"east":{"uv":[16,0,12,16],"texture":"#side","cullface":"east"},"south":{"uv":[0,0,16,16],"texture":"#back","cullface":"south"},"west":{"uv":[12,0,16,16],"texture":"#side","cullface":"west"},"up":{"uv":[0,0,16,4],"rotation":180,"texture":"#top","cullface":"up"},"down":{"uv":[0,12,16,16],"rotation":180,"texture":"#bottom","cullface":"down"}}},{"name":"top","from":[0,12,4],"to":[16,16,11],"faces":{"east":{"uv":[11,0,4,4],"texture":"#side","cullface":"east"},"south":{"uv":[0,5,16,9],"texture":"#top"},"west":{"uv":[4,0,11,4],"texture":"#side","cullface":"west"},"up":{"uv":[0,5,16,12],"rotation":180,"texture":"#top","cullface":"up"},"down":{"uv":[0,6,16,14],"rotation":180,"texture":"#back"}}},{"name":"base","from":[0,0,4],"to":[16,4,11],"faces":{"east":{"uv":[11,12,4,16],"texture":"#side","cullface":"east"},"south":{"uv":[0,5,16,9],"texture":"#top"},"west":{"uv":[4,12,11,16],"texture":"#side","cullface":"west"},"up":{"uv":[0,5,16,12],"rotation":180,"texture":"#top"},"down":{"uv":[0,4,16,11],"rotation":180,"texture":"#bottom","cullface":"down"}}},{"name":"core","from":[1,0,4],"to":[15,15,12],"faces":{"east":{"uv":[12,1,4,16],"texture":"#side"},"west":{"uv":[4,1,12,16],"texture":"#side"},"up":{"uv":[1,4,15,12],"rotation":180,"texture":"#top"},"down":{"uv":[1,4,15,12],"rotation":180,"texture":"#bottom","cullface":"down"}}},{"name":"window","from":[0,5,5],"to":[16,11,12],"faces":{"north":{"uv":[0,6,16,12],"texture":"#back"},"east":{"uv":[12,5,5,11],"texture":"#side","cullface":"east"},"west":{"uv":[5,5,12,11],"texture":"#side","cullface":"west"},"up":{"uv":[0,5,16,12],"rotation":180,"texture":"#back"},"down":{"uv":[0,6,16,13],"rotation":180,"texture":"#back"}}},{"name":"port","from":[4,4,16.01],"to":[12,12,16.01],"faces":{"south":{"uv":[0,8,8,16],"texture":"#ports","cullface":"south"}}},{"name":"port_led","from":[4,4,16.01],"to":[12,12,16.01],"faces":{"south":{"uv":[8,8,16,16],"texture":"#ports_led","cullface":"south"}},"forge_data":{"block_light":15,"sky_light":15}}]}