{"parent":"block/block","loader":"mekanism:transmitter","model":"mekanism:models/block/transmitter_large.obj.mek","flip_v":true,"glass":{"model":"mekanism:models/block/transmitter_large.obj.mek","mtl_override":"mekanism:models/block/transmitter_glass_large.mtl","flip_v":true},"textures":{"particle":"#center_down","center_up":"#center_down","center_north":"#center_down","center_south":"#center_down","center_east":"#center_down","center_west":"#center_down","center_glass_down":"mekanism:block/models/multipart/logistical_transporter_glass_colored","center_glass_up":"mekanism:block/models/multipart/logistical_transporter_glass_colored","center_glass_north":"mekanism:block/models/multipart/logistical_transporter_glass_colored","center_glass_south":"mekanism:block/models/multipart/logistical_transporter_glass_colored","center_glass_east":"mekanism:block/models/multipart/logistical_transporter_glass_colored","center_glass_west":"mekanism:block/models/multipart/logistical_transporter_glass_colored","side_glass":"mekanism:block/models/multipart/logistical_transporter_vertical_glass_colored","center_glass_opaque":"mekanism:block/models/multipart/opaque/logistical_transporter_glass_colored","side_glass_opaque":"mekanism:block/models/multipart/opaque/logistical_transporter_vertical_glass_colored"},"display":{"gui":{"rotation":[30,225,0],"translation":[0,0,0],"scale":[1,1,1]},"ground":{"rotation":[0,0,0],"translation":[0,3,0],"scale":[0.25,0.25,0.25]},"fixed":{"rotation":[0,0,0],"translation":[0,0,0],"scale":[0.5,0.5,0.5]},"thirdperson_righthand":{"rotation":[75,45,0],"translation":[0,2.5,0],"scale":[0.375,0.375,0.375]},"firstperson_righthand":{"rotation":[0,45,0],"translation":[0,0,0],"scale":[0.40,0.40,0.40]},"firstperson_lefthand":{"rotation":[0,225,0],"translation":[0,0,0],"scale":[0.40,0.40,0.40]}}}