{"credit":"Made with love by CyanideX using Blockbench","textures":{"side":"mekanism:block/cardboard_box_side","particle":"mekanism:block/cardboard_box_side_storage","side_storage":"mekanism:block/cardboard_box_side_storage","top":"mekanism:block/cardboard_box_top","bottom":"mekanism:block/cardboard_box_bottom"},"elements":[{"name":"cardboard_box_storage","from":[0,0,0],"to":[16,16,16],"faces":{"north":{"uv":[0,0,16,16],"texture":"#side"},"east":{"uv":[0,0,16,16],"texture":"#side_storage"},"south":{"uv":[0,0,16,16],"texture":"#side"},"west":{"uv":[0,0,16,16],"texture":"#side_storage"},"up":{"uv":[0,0,16,16],"rotation":90,"texture":"#top"},"down":{"uv":[0,0,16,16],"rotation":270,"texture":"#bottom"}}}],"display":{"thirdperson_righthand":{"rotation":[75,45,0],"translation":[0,2.5,0],"scale":[0.375,0.375,0.375]},"thirdperson_lefthand":{"rotation":[75,45,0],"translation":[0,2.5,0],"scale":[0.375,0.375,0.375]},"firstperson_righthand":{"rotation":[0,45,0],"scale":[0.4,0.4,0.4]},"firstperson_lefthand":{"rotation":[0,225,0],"scale":[0.4,0.4,0.4]},"ground":{"translation":[0,3,0],"scale":[0.25,0.25,0.25]},"gui":{"rotation":[30,225,0],"scale":[0.625,0.625,0.625]},"fixed":{"scale":[0.5,0.5,0.5]}}}