{"credit":"Model by CyanideX","parent":"block/cube_all","render_type":"minecraft:cutout","textures":{"ports":"mekanism:block/models/ports","ports_led":"mekanism:block/models/ports_led","elements":"mekanism:block/models/chargepad_elements","bottom":"mekanism:block/base/base_bottom","particle":"mekanism:block/models/chargepad","chargepad":"mekanism:block/models/chargepad","chargepad_led":"mekanism:block/models/chargepad_led"},"elements":[{"name":"base","from":[0,0,0],"to":[16,1,16],"faces":{"north":{"uv":[0,1,16,0],"texture":"#chargepad","cullface":"north"},"east":{"uv":[15,16,16,0],"rotation":90,"texture":"#chargepad","cullface":"east"},"south":{"uv":[0,16,16,15],"texture":"#chargepad","cullface":"south"},"west":{"uv":[0,16,1,0],"rotation":90,"texture":"#chargepad","cullface":"west"},"up":{"uv":[0,16,16,0],"texture":"#chargepad"},"down":{"uv":[0,16,16,0],"texture":"#bottom","cullface":"down"}}},{"name":"stand_left","from":[9,1,12],"to":[10,5,15],"faces":{"north":{"uv":[0,8,1,12],"texture":"#elements"},"east":{"uv":[4,8,7,12],"texture":"#elements"},"south":{"uv":[0,8,1,12],"texture":"#elements"},"west":{"uv":[4,12,7,16],"texture":"#elements"}}},{"name":"stand_right","from":[6,1,12],"to":[7,5,15],"faces":{"north":{"uv":[3,8,4,12],"texture":"#elements"},"east":{"uv":[4,12,7,16],"texture":"#elements"},"south":{"uv":[0,8,1,12],"texture":"#elements"},"west":{"uv":[4,8,7,12],"texture":"#elements"}}},{"name":"port_back","from":[5,5,12],"to":[11,11,15],"faces":{"north":{"uv":[10,3,16,9],"texture":"#elements"},"east":{"uv":[7,3,10,9],"texture":"#elements"},"west":{"uv":[7,3,10,9],"texture":"#elements"},"up":{"uv":[10,3,16,0],"texture":"#elements"},"down":{"uv":[10,9,16,12],"texture":"#elements"}}},{"name":"port","from":[4,4,15],"to":[12,12,16],"faces":{"north":{"uv":[0,8,8,16],"texture":"#ports"},"east":{"uv":[7,0,8,8],"texture":"#ports"},"south":{"uv":[0,0,8,8],"texture":"#ports","cullface":"south"},"west":{"uv":[0,0,1,8],"texture":"#ports"},"up":{"uv":[0,0,8,1],"texture":"#ports"},"down":{"uv":[0,7,8,8],"texture":"#ports"}}},{"name":"base_led","from":[2,1.02,2],"to":[14,1.02,14],"faces":{"up":{"uv":[2,14,14,2],"texture":"#chargepad_led"}},"forge_data":{"block_light":15,"sky_light":15}},{"name":"stand_led","from":[5.98,1,13],"to":[10.02,5,14],"faces":{"east":{"uv":[5,8,6,12],"texture":"#elements"},"west":{"uv":[5,8,6,12],"texture":"#elements","cullface":"west"}},"forge_data":{"block_light":15,"sky_light":15}},{"name":"port_led","from":[4,4,16],"to":[12,12,16],"faces":{"south":{"uv":[8,8,16,16],"texture":"#ports_led","cullface":"south"}},"forge_data":{"block_light":15,"sky_light":15}}],"display":{"thirdperson_righthand":{"rotation":[75,45,0],"translation":[0,2.5,0],"scale":[0.375,0.375,0.375]},"thirdperson_lefthand":{"rotation":[75,45,0],"translation":[0,2.5,0],"scale":[0.375,0.375,0.375]},"firstperson_righthand":{"rotation":[0,135,0],"translation":[0,1.25,0],"scale":[0.4,0.4,0.4]},"firstperson_lefthand":{"rotation":[0,135,0],"translation":[0,1.25,0],"scale":[0.4,0.4,0.4]},"ground":{"translation":[0,3,0],"scale":[0.25,0.25,0.25]},"gui":{"rotation":[30,225,0],"scale":[0.625,0.625,0.625]},"head":{"translation":[0,14,0]},"fixed":{"rotation":[-90,0,0],"translation":[0,0,-4],"scale":[0.5,0.5,0.5]}}}