{"loader":"forge:composite","parent":"block/block","textures":{"particle":"mekanism:block/models/chemical_crystallizer"},"children":{"cutout":{"render_type":"minecraft:cutout","textures":{"0":"mekanism:block/models/chemical_crystallizer","1":"mekanism:block/models/chemical_crystallizer_elements1","2":"mekanism:block/models/chemical_crystallizer_elements2","3":"mekanism:block/models/ports","4":"mekanism:block/models/ports_led"},"elements":[{"name":"rim_south","from":[0,5,14],"to":[16,7,16],"faces":{"north":{"uv":[0,14,16,16],"texture":"#2"},"east":{"uv":[0,9,2,11],"texture":"#1","cullface":"east"},"south":{"uv":[0,9,16,11],"texture":"#1","cullface":"south"},"west":{"uv":[14,9,16,11],"texture":"#1","cullface":"west"},"up":{"uv":[0,14,16,12],"texture":"#2"}}},{"name":"rim_west","from":[0,5,2],"to":[2,7,14],"faces":{"east":{"uv":[2,14,14,16],"texture":"#2"},"west":{"uv":[1,9,15,11],"texture":"#1","cullface":"west"},"up":{"uv":[2,12,14,14],"rotation":270,"texture":"#2"}}},{"name":"rim_north","from":[0,5,0],"to":[16,7,2],"faces":{"north":{"uv":[0,9,16,11],"texture":"#1","cullface":"north"},"east":{"uv":[14,9,16,11],"texture":"#1","cullface":"east"},"south":{"uv":[0,14,16,16],"texture":"#2"},"west":{"uv":[0,9,2,11],"texture":"#1","cullface":"west"},"up":{"uv":[0,12,16,14],"texture":"#2"}}},{"name":"rim_east","from":[14,5,2],"to":[16,7,14],"faces":{"east":{"uv":[2,9,14,11],"texture":"#1","cullface":"east"},"west":{"uv":[2,14,14,16],"texture":"#2"},"up":{"uv":[2,12,14,14],"rotation":90,"texture":"#2"}}},{"name":"tray","from":[3,5,3],"to":[13,6,13],"faces":{"north":{"uv":[0,10,10,11],"texture":"#2"},"east":{"uv":[0,10,10,11],"texture":"#2"},"south":{"uv":[0,10,10,11],"texture":"#2"},"west":{"uv":[0,10,10,11],"texture":"#2"},"up":{"uv":[0,0,10,10],"texture":"#2"}}},{"name":"port_west","from":[-0.005,4,4],"to":[0.995,12,12],"faces":{"north":{"uv":[0,0,1,8],"texture":"#3"},"east":{"uv":[0,8,8,16],"texture":"#3"},"south":{"uv":[7,0,8,8],"texture":"#3"},"west":{"uv":[0,0,8,8],"texture":"#3","cullface":"west"}}},{"name":"port_west_led","from":[-0.01,4,4],"to":[-0.01,12,12],"faces":{"west":{"uv":[0,0,8,8],"texture":"#4","cullface":"west"}},"forge_data":{"block_light":15,"sky_light":15}},{"name":"port_east","from":[15.005,4,4],"to":[16.005,12,12],"faces":{"north":{"uv":[7,0,8,8],"texture":"#3"},"east":{"uv":[0,0,8,8],"texture":"#3","cullface":"east"},"south":{"uv":[0,0,1,8],"texture":"#3"},"west":{"uv":[0,8,8,16],"texture":"#3"}}},{"name":"port_east_led","from":[16.005,4,4],"to":[16.005,12,12],"faces":{"east":{"uv":[0,0,8,8],"texture":"#4","cullface":"east"}},"forge_data":{"block_light":15,"sky_light":15}},{"name":"support1","from":[0,7,0],"to":[1,11,1],"faces":{"north":{"uv":[0,5,1,9],"texture":"#1","cullface":"north"},"east":{"uv":[0,5,1,9],"texture":"#1"},"south":{"uv":[0,5,1,9],"texture":"#1"},"west":{"uv":[0,5,1,9],"texture":"#1","cullface":"west"}}},{"name":"support2","from":[0,7,15],"to":[1,11,16],"faces":{"north":{"uv":[0,5,1,9],"texture":"#1"},"east":{"uv":[0,5,1,9],"texture":"#1"},"south":{"uv":[0,5,1,9],"texture":"#1","cullface":"south"},"west":{"uv":[0,5,1,9],"texture":"#1","cullface":"west"}}},{"name":"support3","from":[15,7,15],"to":[16,11,16],"faces":{"north":{"uv":[0,5,1,9],"texture":"#1"},"east":{"uv":[0,5,1,9],"texture":"#1","cullface":"east"},"south":{"uv":[0,5,1,9],"texture":"#1","cullface":"south"},"west":{"uv":[0,5,1,9],"texture":"#1"}}},{"name":"support4","from":[15,7,0],"to":[16,11,1],"faces":{"north":{"uv":[0,5,1,9],"texture":"#1","cullface":"north"},"east":{"uv":[0,5,1,9],"texture":"#1","cullface":"east"},"south":{"uv":[0,5,1,9],"texture":"#1"},"west":{"uv":[0,5,1,9],"texture":"#1"}}},{"name":"base","from":[0,0,0],"to":[16,5,16],"faces":{"north":{"uv":[0,11,16,16],"texture":"#1","cullface":"north"},"east":{"uv":[0,11,16,16],"texture":"#1","cullface":"east"},"south":{"uv":[0,11,16,16],"texture":"#1","cullface":"south"},"west":{"uv":[0,11,16,16],"texture":"#1","cullface":"west"},"up":{"uv":[0,8,8,16],"texture":"#0"},"down":{"uv":[8,8,16,16],"texture":"#0","cullface":"down"}}},{"name":"tank","from":[0,11,0],"to":[16,16,16],"faces":{"north":{"uv":[0,0,16,5],"texture":"#1","cullface":"north"},"east":{"uv":[0,0,16,5],"texture":"#1","cullface":"east"},"south":{"uv":[0,0,16,5],"texture":"#1","cullface":"south"},"west":{"uv":[0,0,16,5],"texture":"#1","cullface":"west"},"up":{"uv":[0,0,8,8],"texture":"#0","cullface":"up"},"down":{"uv":[8,0,16,8],"texture":"#0"}}},{"name":"rod1","from":[6,9,8],"to":[7,11,9],"faces":{"north":{"uv":[13,0,14,2],"texture":"#2"},"east":{"uv":[13,0,14,2],"texture":"#2"},"south":{"uv":[13,0,14,2],"texture":"#2"},"west":{"uv":[13,0,14,2],"texture":"#2"},"down":{"uv":[13,1,14,2],"texture":"#2"}}},{"name":"rod2","from":[9,8,9],"to":[10,11,10],"faces":{"north":{"uv":[12,0,13,3],"texture":"#2"},"east":{"uv":[12,0,13,3],"texture":"#2"},"south":{"uv":[12,0,13,3],"texture":"#2"},"west":{"uv":[12,0,13,3],"texture":"#2"},"down":{"uv":[12,2,13,3],"texture":"#2"}}},{"name":"rod3","from":[7.5,7,6],"to":[8.5,11,7],"faces":{"north":{"uv":[11,0,12,4],"texture":"#2"},"east":{"uv":[11,0,12,4],"texture":"#2"},"south":{"uv":[11,0,12,4],"texture":"#2"},"west":{"uv":[11,0,12,4],"texture":"#2"},"down":{"uv":[11,3,12,4],"texture":"#2"}}}]},"translucent":{"render_type":"minecraft:translucent","textures":{"1":"mekanism:block/models/chemical_crystallizer_elements1"},"elements":[{"name":"glass","from":[1,7,1],"to":[15,11,15],"faces":{"north":{"uv":[1,5,15,9],"texture":"#1"},"east":{"uv":[1,5,15,9],"texture":"#1"},"south":{"uv":[1,5,15,9],"texture":"#1"},"west":{"uv":[1,5,15,9],"texture":"#1"}}}]}}}