{"credit":"Made by CyanideX using Blockbench","render_type":"minecraft:cutout","textures":{"particle":"mekanism:block/factory/purifying/purifying_factory_front","front":"mekanism:block/factory/purifying/purifying_factory_front","top":"mekanism:block/factory/purifying/purifying_factory_top","side":"mekanism:block/factory/purifying/purifying_factory_side","back":"mekanism:block/factory/purifying/purifying_factory_back","bottom":"mekanism:block/factory/purifying/purifying_factory_bottom","ports":"mekanism:block/models/ports","ports_led":"mekanism:block/models/ports_led"},"elements":[{"name":"top","from":[0,12,4],"to":[16,16,16],"faces":{"east":{"uv":[16,0,5,4],"texture":"#side","cullface":"east"},"south":{"uv":[0,0,16,4],"texture":"#back","cullface":"south"},"west":{"uv":[5,0,16,4],"texture":"#side","cullface":"west"},"up":{"uv":[0,0,16,12],"rotation":180,"texture":"#top","cullface":"up"},"down":{"uv":[0,0,16,11],"texture":"#top"}}},{"name":"body","from":[1,0,4],"to":[15,15,15],"faces":{"east":{"uv":[15,1,4,16],"texture":"#side"},"south":{"uv":[1,1,15,16],"texture":"#back"},"west":{"uv":[4,1,15,16],"texture":"#side"},"down":{"uv":[1,4,15,15],"rotation":180,"texture":"#bottom","cullface":"down"}}},{"name":"front_panel","from":[0,0,0],"to":[16,16,4],"faces":{"north":{"uv":[0,0,16,16],"texture":"#front","cullface":"north"},"east":{"uv":[4,0,0,16],"texture":"#side","cullface":"east"},"south":{"uv":[0,0,16,16],"texture":"#top"},"west":{"uv":[0,0,4,16],"texture":"#side","cullface":"west"},"up":{"uv":[0,12,16,16],"rotation":180,"texture":"#top","cullface":"up"},"down":{"uv":[0,0,16,4],"rotation":180,"texture":"#bottom","cullface":"down"}}},{"name":"port","from":[4,4,14.02],"to":[12,12,16.02],"faces":{"east":{"uv":[7,0,9,8],"texture":"#ports","cullface":"south"},"south":{"uv":[0,0,8,8],"texture":"#ports","cullface":"south"},"west":{"uv":[7,0,9,8],"texture":"#ports","cullface":"south"},"up":{"uv":[0,7,8,9],"texture":"#ports","cullface":"south"},"down":{"uv":[0,7,8,9],"texture":"#ports","cullface":"south"}}},{"name":"port_led","from":[4,4,16.02],"to":[12,12,16.02],"faces":{"south":{"uv":[8,8,16,16],"texture":"#ports_led","cullface":"south"}},"forge_data":{"block_light":15,"sky_light":15}},{"name":"stack1","from":[11,1,5],"to":[16,12,10],"faces":{"north":{"uv":[11,4,16,15],"texture":"#side"},"east":{"uv":[11,4,16,15],"texture":"#side","cullface":"east"},"south":{"uv":[5,4,10,15],"texture":"#side"},"down":{"uv":[1,10,6,15],"texture":"#ports"}}},{"name":"stack2","from":[0,1,5],"to":[5,12,10],"faces":{"north":{"uv":[5,4,10,15],"texture":"#side"},"south":{"uv":[5,4,10,15],"texture":"#side"},"west":{"uv":[5,4,10,15],"texture":"#side","cullface":"west"},"down":{"uv":[1,10,6,15],"texture":"#ports"}}},{"name":"stack3","from":[0,1,11],"to":[16,12,16],"faces":{"north":{"uv":[11,4,16,15],"texture":"#side"},"east":{"uv":[5,4,10,15],"texture":"#side","cullface":"east"},"south":{"uv":[16,4,0,15],"texture":"#back","cullface":"south"},"west":{"uv":[11,4,16,15],"texture":"#side","cullface":"west"},"down":{"uv":[1,14,2,15],"texture":"#ports"}}}]}